1,NOAH,SMITH,9812532568,ORLANDO
2,LIAM,JOHNSON,9912639852,LAS VEGAS
3,MASON,SMITH,9885456384,PHILADELPHIA
4,JACOB,BROWN,9821256325,LAS VEGAS
5,WILLIAM,DAVIS,9712625893,AUGUSTA
6,ETHAN,THOMAS,9852124589,DENVER
7,JAMES,ANDERSON,8952643852,AUSTIN
8,ALEXANDER,MARTIN,8795425638,ORLANDO
9,MICHAEL,BROWN,8562245685,ORLANDO
10,BENJAMIN,TAYLOR,8756256284,LOS ANGELES
11,SARAH,WILSON,9856542562,DALLAS
12,EMA,SMITH,7854585685,CALIFORNIA
13,OLIVIA,THOMPSON,9192855681,CUSSETA
14,SOPHIA,GARCIA,9653258745,AUGUSTA
15,DANIEL,CLARK,9865825412,CUSSETA
16,MATTHEW,LEWIS,9854758214,LAS VEGAS
17,DAVID,ROBINSON,9862255812,DENVER
18,OLIVER,YOUNG,9852642854,LAS VEGAS
19,AIDEN,WRIGHT,9874566587,TULSA
20,EMILY,RODRIGUEZ,9857526854,ORLANDO
