713-54-0015,48.81928,16.56748,rburns0@weebly.com,Robert,M
867-43-1252,29.31329,95.30741,abanks1@amazon.co.jp,Albert,M
501-08-5173,27.3863,114.61018,hmyers2@gov.uk,Howard,M
435-99-3473,49.0389,2.077,cburton3@businessweek.com,Craig,M
326-24-2257,33.32721,112.99257,rmyers4@yahoo.com,Russell,M
828-79-3047,45.7485,4.8467,mcarr5@chronoengine.com,Mildred,F
243-31-6046,40.24395,22.38033,bwilliamson6@mozilla.com,Barbara,F
813-81-2754,55.59528,38.12028,pjacobs7@mediafire.com,Pamela,F
907-44-8579,-8.35778,-36.69639,dfernandez8@list-manage.com,Doris,F
290-57-9003,9.55421,123.76956,bwest9@bigcartel.com,Beverly,F
102-77-9492,3.8,10.13333,twheelera@ezinearticles.com,Tammy,F
358-23-5303,27.9953,-81.2593,kdunnb@hugedomains.com,Kenneth,M
707-06-9445,-7.2815,108.2903,jperryc@reuters.com,Joan,F
308-96-7902,50.293,2.7819,rwhited@spiegel.de,Robert,M
420-41-8264,-6.9943,111.8522,sperrye@cdc.gov,Susan,F
253-23-6279,-13.55,-72.7,bandrewsf@amazonaws.com,Brian,M
326-46-7200,51.37569,20.27827,gstevensg@exblog.jp,Gregory,M
947-38-0945,48.4469,1.4892,tmoralesh@huffingtonpost.com,Theresa,F
429-98-0521,-6.9003,113.0014,jchavezi@gravatar.com,Jack,M
747-36-7343,-8.1921,123.8187,gwestj@latimes.com,Gloria,F
754-67-3900,30.60944,34.80111,gsimmonsk@mozilla.com,George,M
207-74-9312,-8.1531,113.2176,wdiazl@goo.gl,Willie,M
609-97-0791,58.8411,57.785,thughesm@jugem.jp,Tina,F
810-31-9263,-7.068,108.8647,ajohnstonn@vinaora.com,Anna,F
695-42-4540,-6.8169,111.7633,lpierceo@npr.org,Lawrence,M
974-65-2961,-20.28979,28.92261,dharveyp@weibo.com,Doris,F
276-82-7361,57.5667,12.0833,pjordanq@geocities.com,Phyllis,F
469-45-3824,19.7983,-96.9128,pkennedyr@redcross.org,Phillip,M
300-40-4328,-8.395,-77.49083,hcoxs@accuweather.com,Helen,F
463-47-4791,34.71189,32.8634,jjacobst@ifeng.com,Janet,F
339-59-5748,-18.70587,32.16796,hmarshallu@vistaprint.com,Howard,M
443-40-7597,5.84752,-5.682,lcarrollv@forbes.com,Lisa,F
970-52-4553,-8.2635,112.8698,nfranklinw@cocolog-nifty.com,Nicholas,M
260-23-9618,3.66088,31.72474,jwarrenx@scribd.com,Judith,F
646-73-3256,54.51667,24.83333,jwatkinsy@qq.com,Jennifer,F
874-22-1386,14.03728,100.40486,kfullerz@china.com.cn,Kathy,F
943-22-0665,28.38333,109.25972,rharrison10@engadget.com,Rachel,F
448-20-4839,49.1466,0.2293,anelson11@deviantart.com,Ashley,F
670-66-0548,49.58559,81.04852,jscott12@xing.com,Joyce,F
161-92-6601,-4.26613,15.28318,jclark13@google.co.jp,Judith,F
861-45-1647,54.6777,18.41738,jalexander14@noaa.gov,Janice,F
498-46-9697,48.6333,4.95,mcarr15@opensource.org,Marie,F
144-51-0447,38.8333,-9.2667,bmorrison16@ovh.net,Brandon,M
771-70-9203,48.0667,-0.7667,aruiz17@nifty.com,Alan,M
590-33-2932,31.10864,111.20574,rsnyder18@creativecommons.org,Robert,M
726-65-0194,-9.38861,-37.99917,fpeters19@engadget.com,Frances,F
689-23-3097,10.29917,-3.25083,rstanley1a@wikia.com,Robert,M
124-62-7880,50.19811,22.51837,fmccoy1b@weibo.com,Fred,M
560-38-0182,15.03333,-88.83333,tcole1c@senate.gov,Thomas,M
970-08-3671,40.40472,49.71306,mchapman1d@phpbb.com,Maria,F
493-86-9466,42.8169,-1.6432,aromero1e@printfriendly.com,Andrew,M
908-92-8454,9.85259,-84.09062,afowler1f@prnewswire.com,Andrea,F
953-99-5163,22.4175,-83.69806,vferguson1g@rambler.ru,Virginia,F
663-53-0331,35.61376,36.56449,mdean1h@godaddy.com,Mildred,F
559-27-1431,-17.58777,-65.93253,gmiller1i@rediff.com,George,M
153-06-1266,11.45584,-85.80308,jberry1j@dion.ne.jp,Joshua,M
775-05-6717,34.2119,107.7789,jsmith1k@forbes.com,Judith,F
325-63-8382,-14.95083,-49.54944,cfuller1l@noaa.gov,Clarence,M
532-47-1727,10.79475,106.6763,byoung1m@cnn.com,Benjamin,M
114-11-7937,56.6745,12.8568,dmorrison1n@timesonline.co.uk,Dorothy,F
793-14-7934,-7.7361,113.417,ayoung1o@com.com,Andrea,F
248-07-7365,49.0278,2.3264,jaustin1p@fema.gov,Jessica,F
449-00-9473,10.747,122.666,jbanks1q@scribd.com,Jose,M
280-73-1154,-3.986,114.9518,mstewart1s@wordpress.org,Marilyn,F
821-62-2278,41.39361,19.91583,rhoward1t@nature.com,Ryan,M
206-26-1504,-25.4,-56.96667,cpalmer1u@squarespace.com,Charles,M
532-40-3998,46.445,14.01778,astanley1v@webs.com,Adam,M
927-24-5341,51.34567,32.87794,asanders1w@cbsnews.com,Ann,F
637-48-2178,23.7147,-98.9183,mcarpenter1x@hibu.com,Melissa,F
318-39-5459,23.48773,116.66437,cprice1y@discovery.com,Cynthia,F
680-43-9300,5.83739,-5.35723,kperkins1z@washington.edu,Kathleen,F
363-80-6740,30.50802,105.57332,lbanks20@amazon.de,Lisa,F
112-39-6434,16.2422,-61.5343,jkelley21@icq.com,Jennifer,F
470-72-5150,38.7,-8.9167,jwatson22@mapy.cz,Justin,M
520-73-2910,-10.1551,123.836,abell23@ask.com,Albert,M
449-75-1876,59.50086,24.86254,nwheeler24@amazon.com,Norma,F
249-58-1749,45.08345,-64.36546,dryan25@bing.com,David,M
964-46-4011,-8.2245,112.154,smitchell26@mysql.com,Sandra,F
479-93-6183,15.4173,119.9564,emorales27@diigo.com,Eugene,M
789-48-8114,43.45,6.6833,wmurphy28@npr.org,William,M
117-58-6666,45.51637,83.86374,lbailey29@stumbleupon.com,Larry,M
720-58-9799,-22.76417,-43.39944,pduncan2a@shutterfly.com,Paul,M
991-18-2485,7.08083,124.75306,jbrooks2b@japanpost.jp,Jennifer,F
816-67-7042,-6.7054,111.1065,cfoster2c@ycombinator.com,Cheryl,F
288-27-2460,29.4413,-98.4793,egordon2d@tinypic.com,Eugene,M
112-79-2959,37.9333,-8.4,phunt2e@disqus.com,Paula,F
411-85-6591,-9.8781,124.6683,amccoy2f@creativecommons.org,Alan,M
192-57-7774,52.13342,-113.8687,jstone2g@mit.edu,Justin,M
153-17-0753,-37.0982,-72.56084,adaniels2h@imageshack.us,Alan,M
119-25-2238,44.08083,42.96528,gwilliams2i@bbb.org,Gary,M
428-91-2966,59.8585,17.6454,jstephens2j@nationalgeographic.com,Johnny,M
435-44-5267,-21.83222,-46.89361,htucker2k@adobe.com,Henry,M
973-99-7448,21.8375,17.4275,bboyd2l@buzzfeed.com,Brian,M
765-87-5001,13.4333,123.1923,lsullivan2m@plala.or.jp,Louise,F
788-03-9144,53.72256,14.28961,jgonzalez2n@qq.com,Jessica,F
499-19-0937,49.12402,-66.49243,mstanley2o@diigo.com,Martin,M
345-75-3687,40.84098,22.77484,pgrant2p@nymag.com,Peter,M
374-00-3297,59.6139,16.2285,srose2q@mapy.cz,Shirley,F
308-99-9975,35.2479,36.5725,mturner2r@blinklist.com,Michael,M
873-22-9324,45.21339,20.84995,edaniels0@newsvine.com,Edward,M
180-18-1945,40.9688,-5.6639,acoleman1@sohu.com,Alice,F
334-06-4891,60.5457,16.2867,lmorrison2@home.pl,Lawrence,M
686-20-6090,48.85,2.5,kpeterson3@theatlantic.com,Kimberly,F
457-80-9864,28.75158,114.96143,abennett4@senate.gov,Antonio,M
923-16-9876,-15.96528,-54.96833,swhite5@huffingtonpost.com,Steve,M
910-07-0396,2.92397,97.48311,marnold6@tinypic.com,Michelle,F
874-91-8202,50.293,2.7819,vmiller7@spotify.com,Virginia,F
845-39-3698,32.15224,35.25673,rfrazier8@parallels.com,Richard,M
156-79-5490,9.27972,126.19111,kwalker9@dyndns.org,Kathy,F
550-64-6317,-6.1628,106.0611,hfullera@parallels.com,Heather,F
789-65-8105,-7.092,114.323,achavezb@wikipedia.org,Angela,F
892-50-8127,-6.58,111.0559,rmoorec@issuu.com,Russell,M
175-19-9405,13.2572,-61.12656,cgonzalesd@auda.org.au,Charles,M
783-77-5971,37.8471,-122.2223,cmeyere@xrea.com,Chris,M
148-56-3751,21.7503,110.62173,syoungf@newsvine.com,Susan,F
875-17-1335,-34.58382,-60.94332,promerog@printfriendly.com,Paul,M
405-65-7405,29.12122,71.74459,tfowlerh@google.es,Thomas,M
573-56-5066,3.11383,43.6498,rmendozai@ca.gov,Richard,M
557-48-8331,-34.06863,-70.72747,cgriffinj@tiny.cc,Craig,M
357-22-6347,28.33297,106.21557,dricek@opera.com,Debra,F
439-75-0910,30.1959,122.6807,mbarnesl@smh.com.au,Maria,F
229-07-2397,38.8336,-76.8777,brobinsonm@technorati.com,Bruce,M
318-65-3080,7.46932,134.60991,lfoxn@telegraph.co.uk,Laura,F
654-33-0208,-24.13333,-57.08333,jwatkinso@indiatimes.com,Joseph,M
541-96-1598,-23.31667,17.08333,chenryp@tinyurl.com,Chris,M
762-43-2736,48.82849,30.03957,pharrisonq@wunderground.com,Paula,F
935-36-1301,26.55695,31.69478,mnicholsr@booking.com,Marilyn,F
786-96-0029,7.60778,125.96639,jevanss@wikispaces.com,Juan,M
721-61-4734,2.19611,-75.98,mharrisont@un.org,Martha,F
640-15-9089,22.37616,112.3795,egreenu@apache.org,Edward,M
649-23-7190,43.3,-0.3667,vcrawfordv@barnesandnoble.com,Virginia,F
631-57-3316,14.91667,-89.9,ismithw@gov.uk,Irene,F
148-22-7606,-8.3793,112.6811,jcarpenterx@imageshack.us,Jason,M
801-41-8756,30.34709,113.90901,kdayy@hao123.com,Kevin,M
750-32-4686,49.72259,18.70491,jrichardsonz@51.la,Judy,F
407-19-9874,11.38702,107.53508,apayne10@gizmodo.com,Aaron,M
580-09-1281,31.13055,121.31628,storres11@wordpress.org,Sara,F
445-04-2779,-21.525,-42.46917,sharrison12@com.com,Scott,M
804-81-2194,34.59972,69.25993,ballen13@networksolutions.com,Beverly,F
779-96-5773,39.31167,26.21972,twhite14@t-online.de,Theresa,F
169-81-8331,31.47085,109.5399,rcrawford15@google.co.uk,Robin,F
446-80-4179,49.98147,35.75904,bbanks16@washingtonpost.com,Barbara,F
253-88-5904,31.92254,119.97055,dmartin17@twitpic.com,Debra,F
295-11-8845,52.46621,19.61137,gsnyder18@ca.gov,Gerald,M
997-94-3807,-8.3263,123.1107,jdiaz19@infoseek.co.jp,Joseph,M
813-75-4812,55.6562,37.94713,mcox1a@so-net.ne.jp,Maria,F
967-64-9875,40.96148,24.51132,fbarnes1b@theatlantic.com,Fred,M
600-79-7836,8.52687,-80.37486,mhenderson1c@woothemes.com,Margaret,F
162-86-9331,35.6781,10.09633,llopez1d@home.pl,Lori,F
720-19-5396,-24.98206,-65.57891,cthompson1e@smh.com.au,Cynthia,F
847-01-4689,-7.30444,-38.15028,ewhite1f@webmd.com,Ernest,M
304-73-9861,51.4217,5.5597,rschmidt1g@indiatimes.com,Rachel,F
181-67-2520,52.35532,16.51958,ematthews1h@redcross.org,Eugene,M
229-72-0687,29.79769,109.06942,wstevens1i@csmonitor.com,William,M
562-34-7691,47.27428,86.12794,bgarrett1j@cam.ac.uk,Barbara,F
711-73-8345,39.3,-8.6667,mhanson1k@illinois.edu,Margaret,F
608-68-6529,53.4122,24.5387,aclark1l@angelfire.com,Antonio,M
580-29-6109,40.27821,94.70271,salexander1m@list-manage.com,Stephanie,F
568-43-4046,59.3326,18.0649,mcarroll1n@java.com,Mark,M
198-78-4856,-22.83917,-42.10278,fallen1o@usatoday.com,Fred,M
199-81-2698,34.44674,109.46073,acox1p@narod.ru,Anna,F
507-87-4193,15.28333,-87.96667,wperez1q@imageshack.us,Wanda,F
437-51-5604,-9.5411,119.0029,lwalker1r@bravesites.com,Linda,F
931-31-0231,49.281,17.87682,estone1s@army.mil,Elizabeth,F
320-65-0717,29.25186,119.29076,dcole1t@usatoday.com,Denise,F
100-31-0951,30.23344,120.46236,mreynolds1u@macromedia.com,Melissa,F
855-44-3686,39.1508,-9.1616,igutierrez1v@lycos.com,Irene,F
310-68-2758,48.928,2.3963,rriley1w@networksolutions.com,Raymond,M
305-71-9770,41.3183,-7.0333,jflores1x@parallels.com,Jane,F
355-62-5411,-24.43333,-56.7,rsanders1y@blogs.com,Rebecca,F
490-91-7668,59.3173,18.255,gpierce1z@domainmarket.com,Gary,M
841-94-3027,44.09745,103.54288,pmartin20@issuu.com,Patricia,F
484-97-5383,26.44322,43.2534,sbrooks21@uol.com.br,Sara,F
841-62-4039,23.125,-82.33194,crogers22@naver.com,Catherine,F
713-18-4205,9.10569,-75.39812,lwheeler23@flavors.me,Lawrence,M
333-58-0570,48.9167,2.2833,dpalmer24@hexun.com,Daniel,M
640-10-5803,48.9539,4.3672,ggraham25@trellian.com,Gary,M
626-02-8006,18.2,-63.06667,lturner26@reddit.com,Lori,F
752-86-2099,-20.2975,57.72556,brichardson27@spotify.com,Betty,F
604-16-5003,-18.81667,49.06667,escott28@paginegialle.it,Edward,M
127-49-8412,34.80361,134.46806,awright29@bloomberg.com,Angela,F
364-74-0333,56.75833,48.47611,bgreen2a@slashdot.org,Brandon,M
982-27-2870,-8.008,113.1976,cjohnson2b@4shared.com,Carolyn,F
712-99-0345,-8.1141,111.7762,jarnold2c@cornell.edu,Joyce,F
102-10-2320,59.051,12.7049,dcampbell2d@uol.com.br,Denise,F
913-66-2942,51.36063,15.76452,lhamilton2e@elpais.com,Linda,F
374-81-1893,45.11414,40.28027,alynch2f@icio.us,Angela,F
462-74-4703,45.46899,39.45136,tduncan2g@tmall.com,Thomas,M
196-10-5805,-7.643,108.0879,hsims2h@etsy.com,Helen,F
729-30-7825,26.65411,86.2087,rparker2i@photobucket.com,Ryan,M
238-44-2791,2.1524,98.4745,ggilbert2j@psu.edu,George,M
749-43-2597,-5.12056,-60.37972,ewilson2k@de.vu,Ernest,M
966-58-6853,46.40825,125.44106,joliver2l@surveymonkey.com,Joseph,M
185-88-8478,52.1491,34.4926,kgardner2m@dropbox.com,Kevin,M
742-15-5997,49.90411,18.35755,hwells2n@instagram.com,Heather,F
524-90-4120,21.36753,40.28694,jshaw2o@dailymail.co.uk,Jack,M
516-94-9683,16.7033,-97.6617,speterson2p@jugem.jp,Sean,M
671-24-8568,46.0333,4.0667,bweaver2q@deviantart.com,Bobby,M
806-00-9859,55.40833,58.60444,msnyder2r@com.com,Mary,F
934-82-9754,5.04333,-76.01667,rmitchell0@sourceforge.net,Rachel,F
411-24-5896,-8.1908,111.699,emurray1@about.me,Ernest,M
727-82-3913,30.68916,118.40431,jmatthews2@nbcnews.com,Juan,M
464-54-9770,41.4803,-8.2434,jmills3@eepurl.com,Jesse,M
217-90-7713,11.06396,-69.7131,pmiller4@google.com,Paula,F
382-47-8359,14.9622,121.0147,jhernandez5@wordpress.org,Jessica,F
181-30-5426,26.55778,54.01944,khenry6@tinypic.com,Kathryn,F
392-83-8220,55.65204,38.06685,cbaker7@feedburner.com,Christine,F
120-10-6736,49.74613,18.62613,jjames8@cbslocal.com,Jesse,M
489-81-9855,33.19737,112.40647,rmcdonald9@tuttocitta.it,Ryan,M
699-69-3630,-8.7613,121.301,lfostera@twitpic.com,Linda,F
667-39-9837,-6.7081,111.358,istevensb@gov.uk,Irene,F
951-22-3985,47.2173,-1.5534,cperezc@businesswire.com,Christina,F
967-59-6214,31.16188,113.6338,drichardsond@geocities.jp,Debra,F
393-49-7847,9.61667,11.43333,mmedinae@mozilla.com,Martha,F
921-83-7229,-3.31687,17.38063,cadamsf@shop-pro.jp,Carl,M
460-03-4197,32.02797,35.01879,kfowlerg@booking.com,Kathy,F
549-75-5089,48.0727,7.2907,lpetersonh@eventbrite.com,Louise,F
633-96-3925,6.75,11.81667,pleei@nbcnews.com,Peter,M
480-90-4893,58.7238,11.3259,ldayj@hhs.gov,Lillian,F
193-50-9620,47.62298,34.53887,gnguyenk@unblog.fr,Gregory,M
339-60-6282,15.11,36.6575,psandersl@deviantart.com,Peter,M
804-76-2569,33.5,132.55,amedinam@bandcamp.com,Adam,M
461-24-8369,46.28988,127.50426,jwelchn@boston.com,Jose,M
805-80-3418,27.8277,103.72828,sbrookso@java.com,Sandra,F
170-74-3737,39.76006,46.74989,tjacobsp@liveinternet.ru,Tina,F
923-76-3207,32.06786,73.68545,bstephensq@reddit.com,Billy,M
350-12-4174,52.7959,83.5498,jgrahamr@mapquest.com,James,M
342-32-6687,30.62747,120.44249,ephillipss@dmoz.org,Evelyn,F
351-71-3130,39.0167,-9.3,jbaileyt@jugem.jp,Julie,F
955-42-3720,30.6823,111.18664,ldeanu@mapy.cz,Louise,F
737-93-0488,41.63052,48.68161,lhayesv@cdc.gov,Laura,F
260-70-4484,-6.7761,111.2248,rwellsw@thetimes.co.uk,Robert,M
241-34-2316,-13.8217,-171.95873,mharrisonx@wp.com,Michael,M
796-54-2098,-22.10889,-56.52111,blynchy@ning.com,Brandon,M
848-24-8387,38.9809,-8.7963,dhunterz@bloomberg.com,Diane,F
104-97-6440,13.89067,121.47575,hcastillo10@domainmarket.com,Howard,M
189-88-2641,-6.7003,111.44,jcastillo11@about.me,Julia,F
588-63-4755,48.8544,2.4827,gmoore12@cisco.com,Gary,M
530-46-8602,56.89375,65.89378,pmendoza13@51.la,Phillip,M
234-83-4338,-8.1019,112.4981,bjones14@vinaora.com,Brandon,M
520-31-0391,23.82521,114.76783,mmurphy15@furl.net,Mark,M
237-34-0364,21.72288,104.9113,bfrazier16@earthlink.net,Brandon,M
617-64-6918,-7.0063,111.486,rgonzalez17@pbs.org,Ruby,F
919-28-2363,38.614,-9.0093,sdixon18@cargocollective.com,Sean,M
722-65-2380,23.18755,112.61085,sknight19@army.mil,Samuel,M
848-96-2401,63.8284,20.2597,rray1a@europa.eu,Roger,M
324-67-2030,55.61902,38.11818,ecunningham1b@ning.com,Evelyn,F
252-23-3860,19.69981,-71.12084,krichards1c@163.com,Kathleen,F
212-06-6505,-9.7677,124.2759,manderson1d@bing.com,Mark,M
991-97-2552,-26.25444,-49.51833,cgomez1e@ask.com,Craig,M
916-70-7437,-7.61278,109.17972,epierce1f@slideshare.net,Elizabeth,F
350-32-1586,32.72239,113.31964,rbell1g@multiply.com,Robin,F
156-56-4331,50.53247,15.8202,dsanchez1h@sakura.ne.jp,David,M
845-64-1714,-6.98111,-34.83389,bcox1i@army.mil,Brenda,F
665-99-4227,5.32556,-4.37685,mhanson1j@dedecms.com,Mark,M
804-15-2986,45.565,-73.90554,sfrazier1k@artisteer.com,Sara,F
530-68-8292,8.62036,-80.58433,eprice1l@dailymotion.com,Eugene,M
104-88-2293,14.73333,-88.03333,jfox1m@geocities.jp,John,M
927-69-9554,29.54289,119.49907,ahansen1n@buzzfeed.com,Annie,F
480-69-8160,34.30805,108.44168,aprice1o@4shared.com,Annie,F
856-35-5986,23.25838,116.17542,jford1p@trellian.com,Jean,F
533-03-1959,47.43337,-72.7824,jbishop1r@newyorker.com,Julie,F
920-05-3568,52.72449,17.65117,sfrazier1s@kickstarter.com,Sara,F
351-68-5398,15.28333,-87.55,tspencer1t@mail.ru,Terry,M
250-49-0339,-8.26866,115.07947,rburton1u@skyrock.com,Randy,M
505-54-6854,52.2509,15.9252,etucker1v@omniture.com,Evelyn,F
116-79-5222,39.8955,-8.603,kvasquez1w@elegantthemes.com,Kelly,F
536-54-1096,53.2958,18.68714,lgutierrez1x@ocn.ne.jp,Lillian,F
822-51-2060,36.1824,-79.806,cwheeler1y@deliciousdays.com,Christopher,M
531-52-8719,6.94864,3.50511,abaker1z@purevolume.com,Ashley,F
489-90-0622,48.6844,6.185,jcarpenter20@infoseek.co.jp,Jack,M
563-24-7789,12.33953,-86.67608,rreed21@intel.com,Robin,F
856-45-0280,60.95,25.93333,lwelch22@delicious.com,Lillian,F
179-42-9335,11.49917,125.50111,hmendoza23@fda.gov,Henry,M
949-86-3262,42.18301,69.88393,cwatkins24@ustream.tv,Carolyn,F
133-91-2259,55.8909,60.7616,twoods25@soup.io,Terry,M
591-29-4438,49.34302,20.10807,jsnyder26@printfriendly.com,Joe,M
706-36-1490,45.30196,129.77148,jkim27@weibo.com,James,M
356-26-5070,45.9333,-0.9833,pmurray28@histats.com,Patricia,F
549-83-2349,-39.11505,-66.92714,kvasquez29@google.com.hk,Kimberly,F
355-47-2216,-31.33139,-54.10694,snelson2a@amazon.co.jp,Sara,F
184-54-3727,-7.1075,108.4796,kmartin2b@hexun.com,Kenneth,M
679-77-2722,28.47646,114.54168,sflores2c@canalblog.com,Sarah,F
822-53-6486,-24.7859,-65.41166,lpeters2d@twitter.com,Louise,F
450-71-8258,29.77119,121.53149,alane2e@joomla.org,Ashley,F
688-34-1321,60.0238,13.6721,gjohnson2f@unesco.org,Gregory,M
934-47-4762,-33.97846,18.4481,kedwards2g@hostgator.com,Kenneth,M
548-46-8366,-34.48333,-55.65,sruiz2h@webs.com,Sharon,F
100-95-4517,-20.07306,57.55806,wramirez2i@narod.ru,Wayne,M
431-89-0990,-6.7221,111.4429,sanderson2j@istockphoto.com,Sarah,F
275-81-9041,30.57917,118.54583,ddixon2k@imageshack.us,Diana,F
563-69-4529,52.43525,16.78631,agilbert2l@phpbb.com,Annie,F
193-73-4846,5.88737,10.01176,ameyer2m@npr.org,Alan,M
633-31-4903,6.9,0.63333,pdavis2n@mit.edu,Paula,F
371-27-0724,-0.57119,117.19568,alawrence2o@apache.org,Angela,F
848-23-3920,41.1833,-8.3833,pwilliams2p@ft.com,Patrick,M
776-63-4438,44.9299,128.60871,rcunningham2q@themeforest.net,Ronald,M
864-04-4032,48.91517,17.48927,jmccoy2r@printfriendly.com,Jane,F
557-74-2721,41.25,-8.1,fsullivan0@infoseek.co.jp,Frank,M
575-75-4778,57.7395,12.1064,creynolds1@spiegel.de,Carlos,M
280-08-2699,37.54431,22.86435,pbowman2@wired.com,Peter,M
879-96-9489,67.2933,14.589,kfrazier3@washingtonpost.com,Kimberly,F
168-25-0062,52.24404,19.62613,cperez4@wordpress.org,Cynthia,F
725-90-4331,-17.1719,-71.7924,cmiller5@vk.com,Cynthia,F
210-81-6685,50.05565,19.19955,tmorrison6@studiopress.com,Tammy,F
662-43-2117,-8.1577,113.3884,mwilliams7@gravatar.com,Matthew,M
902-92-8737,20.51299,110.50317,lspencer8@ebay.co.uk,Louise,F
475-28-1943,-38.37394,-60.27978,sstanley9@shareasale.com,Steven,M
350-05-3070,-33.8678,151.2073,rrogersa@dot.gov,Richard,M
341-75-7969,5.2913,115.2459,lgarzab@ucsd.edu,Linda,F
899-47-3851,11.18556,124.91611,arodriguezc@hc360.com,Albert,M
547-55-2781,51.55683,105.1262,mbarnesd@joomla.org,Maria,F
911-07-8515,31.94702,113.44218,jweste@si.edu,Jason,M
470-71-8017,53.99859,37.81792,rgordonf@wisc.edu,Roy,M
891-47-7914,5.78928,-75.42725,slawrenceg@google.pl,Steven,M
382-08-9399,8.64028,124.87306,dadamsh@irs.gov,Douglas,M
905-58-5544,5.97431,-75.36195,jduncani@usgs.gov,Justin,M
668-58-4903,8.04611,122.53222,jpetersonj@addtoany.com,Jacqueline,F
226-00-2110,-8.0566,112.298,jwheelerk@nydailynews.com,Jesse,M
429-98-8738,12.648,124.1093,fkingl@twitter.com,Frank,M
815-00-6789,35.07437,36.08677,jjordanm@cloudflare.com,Jimmy,M
274-59-8644,15.15,-88.68333,chenryn@boston.com,Christine,F
445-51-3764,45.93566,15.47184,tparkero@yahoo.com,Timothy,M
828-25-6678,23.21722,113.65489,aarmstrongp@weibo.com,Andrea,F
758-36-8401,48.6833,5.9,solsonq@google.co.uk,Scott,M
237-78-5996,-2.90054,-79.00453,amccoyr@behance.net,Ann,F
926-85-4840,-27.97654,27.02423,levanss@weather.com,Louis,M
972-35-2064,11.90518,-86.09446,srichardst@mapy.cz,Susan,F
423-52-1051,-6.8864,111.583,kdeanu@diigo.com,Kenneth,M
276-19-7326,32.01065,120.83469,gturnerv@people.com.cn,Gloria,F
430-64-6415,25.77093,119.49613,lwarrenw@studiopress.com,Lori,F
904-17-1736,41.40167,128.17778,efrazierx@europa.eu,Eugene,M
931-79-8146,41.4667,2.0833,jwhitey@thetimes.co.uk,Janice,F
214-21-0800,52.73754,20.7118,jgrayz@examiner.com,Judy,F
732-03-6867,30.14032,120.8878,rduncan10@nature.com,Robin,F
344-53-5543,35.29193,36.74848,mmedina11@sakura.ne.jp,Maria,F
262-71-2787,48.4631,7.481,hmurphy12@amazon.co.uk,Henry,M
218-66-2575,57.6409,18.296,ewagner13@360.cn,Edward,M
683-90-0775,24.22841,115.93354,jkim14@microsoft.com,Jennifer,F
458-18-2902,35.89917,114.1925,wjenkins15@marriott.com,William,M
590-27-8428,30.99411,90.18183,pbarnes16@posterous.com,Paul,M
859-44-5919,11.87612,-86.05184,nlawrence17@nhs.uk,Nicholas,M
582-37-1655,29.65663,106.19673,fkelly18@nydailynews.com,Frances,F
164-89-7764,23.13565,112.38691,eprice19@fema.gov,Edward,M
744-13-3180,30.6704,121.15724,jjones1a@answers.com,Jonathan,M
546-52-7286,46.49254,15.87893,vlawrence1b@privacy.gov.au,Virginia,F
739-69-6258,-20.6,-64.55,swatson1c@stanford.edu,Sandra,F
324-79-1007,-19.98083,-49.68194,crivera1d@4shared.com,Christopher,M
474-66-9273,-23.39611,-46.32083,cgonzales1e@shutterfly.com,Catherine,F
276-41-0387,51.75376,19.21097,amccoy1f@ucla.edu,Ashley,F
523-25-8235,30.42039,31.56223,mhudson1g@constantcontact.com,Marilyn,F
735-54-0212,14.2782,120.99503,pdunn1h@booking.com,Pamela,F
982-53-3373,36.64964,9.61231,lwallace1i@sakura.ne.jp,Lawrence,M
862-92-2276,49.1946,2.4712,wrogers1j@goo.gl,Wanda,F
989-43-5997,-0.22985,-78.52495,bcooper1k@yellowbook.com,Billy,M
704-54-1953,22.97,-82.38694,jfreeman1l@ovh.net,Joshua,M
783-78-0774,15.9181,-93.0317,swarren1m@narod.ru,Steven,M
505-60-7545,55.9167,14.2833,jlane1n@wikia.com,Juan,M
561-95-8959,5.05127,7.9335,bhawkins1o@goodreads.com,Brenda,F
790-75-1713,33.2,130.01667,cgonzales1p@scribd.com,Carlos,M
460-08-1608,59.5344,18.0776,mmeyer1q@soundcloud.com,Marie,F
394-92-4047,-22.95194,-46.54194,jgordon1r@lycos.com,Joe,M
680-82-7004,-21.35639,-51.85972,rrose1s@nature.com,Rachel,F
382-05-8855,40.59814,22.55733,mhoward1t@csmonitor.com,Michael,M
227-71-2929,24.42722,102.54833,jclark1u@feedburner.com,Justin,M
250-47-4280,36.5222,70.79064,foliver1v@go.com,Fred,M
772-46-2583,40.6083,-8.4833,gmcdonald1w@oaic.gov.au,George,M
821-81-8399,33.9769,106.65192,cgreen1x@toplist.cz,Cheryl,F
425-90-1971,5.7089,6.81026,jhowell1y@unblog.fr,Jeremy,M
685-74-5095,5.28393,-75.26016,jolson1z@issuu.com,Janet,F
341-92-4797,50.4,18.63333,pdixon20@indiatimes.com,Peter,M
129-89-7268,7.92806,126.06722,ktorres21@yellowbook.com,Keith,M
179-07-6398,54.8689,43.80272,aarnold22@latimes.com,Ashley,F
720-97-1155,45.13092,20.06698,aharvey23@wikipedia.org,Andrew,M
541-14-9413,38.23705,114.47737,vmcdonald24@noaa.gov,Victor,M
798-19-8854,10.75,122.55,rtucker25@google.cn,Rose,F
988-82-9134,29.0069,109.44554,ahamilton26@nifty.com,Andrea,F
528-38-1583,50.40559,16.29101,swoods27@clickbank.net,Shawn,M
441-68-2930,14.3306,122.4937,hevans28@hao123.com,Heather,F
493-07-3265,-22.14862,48.01055,jlee29@weibo.com,Jennifer,F
505-61-9894,23.58091,117.10302,hburke2a@paginegialle.it,Helen,F
211-09-7712,43.2333,0.0833,sgibson2b@comsenz.com,Samuel,M
157-57-0260,54.2125,40.4713,pthompson2c@phpbb.com,Phillip,M
362-45-5889,11.2741,106.35879,ehanson2d@hatena.ne.jp,Evelyn,F
830-88-9930,36.7202,-4.4203,pbanks2e@cbc.ca,Patrick,M
305-06-6954,40,-7.1583,kpierce2f@cdbaby.com,Kathleen,F
332-98-7383,34.58,-4.73,scarr2g@seesaa.net,Sharon,F
876-94-8077,15.15056,120.81847,ahunt2h@cornell.edu,Anthony,M
519-42-4912,44.8404,-0.5805,jhenry2i@timesonline.co.uk,Jacqueline,F
676-23-3122,47.16518,126.85192,gharper2j@pinterest.com,Gary,M
876-91-3880,-20.75389,-42.88194,mlopez2k@studiopress.com,Michelle,F
209-08-6427,8.1,-10.7,aschmidt2l@arizona.edu,Alan,M
607-23-3013,-8.2144,112.5989,dmorales2m@msn.com,Denise,F
744-09-8385,27.89111,119.34806,chicks2n@indiatimes.com,Cynthia,F
391-49-7439,35.32442,102.7854,afrazier2o@eepurl.com,Amy,F
826-98-0632,36.2378,139.19023,jboyd2p@facebook.com,Jerry,M
661-65-1254,-9.83565,124.43271,plewis2q@histats.com,Patricia,F
411-48-8108,29.57177,108.61017,hmartinez2r@deliciousdays.com,Helen,F
456-11-5746,34.63333,134.98333,lgrant0@goo.gl,Lori,F
775-78-9291,48.28198,37.17585,erivera1@icio.us,Evelyn,F
875-17-7740,41.5333,-8.35,dboyd2@umn.edu,Doris,F
282-07-8799,10.3242,-74.96017,amills3@sbwire.com,Angela,F
834-69-0708,-8.1395,115.1031,mgomez4@a8.net,Marie,F
136-38-9401,-6.378,105.8233,cryan5@theatlantic.com,Christine,F
539-86-0131,23.12904,113.40777,arussell6@slashdot.org,Anthony,M
638-29-8576,16.37167,104.55147,mfox7@nsw.gov.au,Maria,F
482-72-1688,36.05342,139.26612,jelliott8@hatena.ne.jp,Jennifer,F
530-47-0651,49.28297,-122.75262,hmarshall9@blog.com,Howard,M
508-82-0598,35.31999,67.63387,swallacea@ebay.co.uk,Steven,M
764-41-6874,-8.4675,117.2304,jgrahamb@about.me,Jacqueline,F
524-44-0440,-15.03417,40.73583,aalexanderc@icq.com,Angela,F
719-09-5122,-9.5324,119.669,ebelld@sina.com.cn,Ernest,M
929-15-6039,7.86667,123.06667,rlarsone@timesonline.co.uk,Rachel,F
333-56-0273,32.04884,111.83767,bdixonf@nhs.uk,Bobby,M
838-26-1178,8.65972,-75.12809,gwoodg@youku.com,Gary,M
455-34-9446,37.05215,41.23142,wpriceh@cbslocal.com,William,M
399-18-1161,35.01186,25.74234,awesti@wix.com,Alice,F
639-22-6592,19.055,-104.2278,aellisj@scientificamerican.com,Ann,F
126-22-2502,-6.6688,111.4585,aburkek@wikipedia.org,Ann,F
245-36-5747,-12.74056,-60.14583,jsmithl@yellowbook.com,Johnny,M
841-18-4732,19.23248,108.93873,rmurraym@godaddy.com,Ryan,M
122-14-9081,-12.82306,-42.73056,dbowmann@wikimedia.org,Debra,F
813-84-3858,38.45,-7.5667,gmasono@ucoz.ru,Gary,M
845-99-2201,43.2969,5.3811,hmoorep@cloudflare.com,Howard,M
933-37-2686,26.42794,67.863,sburtonq@cpanel.net,Scott,M
270-58-2501,9.55421,123.76956,mhicksr@apache.org,Margaret,F
320-69-8175,46.05654,90.15124,treyess@wisc.edu,Theresa,F
590-19-7090,46.56494,16.45091,wmcdonaldt@sun.com,Wanda,F
877-87-7635,34.13744,103.16894,sgonzalesu@photobucket.com,Sean,M
160-17-7583,-20.69639,-44.82722,ctorresv@cbc.ca,Carol,F
945-63-8262,40.80257,21.46085,khuntw@ebay.co.uk,Kelly,F
145-10-7748,11.51966,4.2603,ddeanx@blogger.com,Dorothy,F
215-68-5392,29.12122,71.74459,mcrawfordy@hexun.com,Michelle,F
107-53-5595,39.7388,-104.4083,gfergusonz@so-net.ne.jp,Gloria,F
116-61-2051,-8.0338,112.7692,sreyes10@state.tx.us,Susan,F
685-13-4886,41.75,-7.5,rbishop11@istockphoto.com,Russell,M
634-13-8928,14.6042,120.9822,rrice12@weather.com,Roger,M
215-58-1739,16.70056,44.41454,shayes13@i2i.jp,Sandra,F
236-88-3315,40.68785,22.84582,bbailey14@pen.io,Billy,M
708-49-5067,36.72752,104.81379,hward15@umn.edu,Heather,F
761-78-1075,11.84428,121.88841,jbrown16@umn.edu,Jimmy,M
125-73-5621,46.75975,125.8467,bcarpenter17@nasa.gov,Brandon,M
189-56-5208,26.20928,119.06907,cscott18@epa.gov,Carlos,M
310-78-4837,54.46405,17.02872,jmedina19@delicious.com,Joyce,F
819-69-2976,43.58306,19.52519,jyoung1a@behance.net,Jeffrey,M
434-84-7875,45.6125,5.1456,mcook1b@smugmug.com,Mildred,F
747-00-2632,-10.7246,123.0979,bford1c@stumbleupon.com,Beverly,F
581-74-6752,50.7765,46.05086,bmyers1d@geocities.jp,Benjamin,M
231-36-7560,24.15751,115.13738,mfox1e@intel.com,Melissa,F
179-89-3365,-25.16667,45.05,lgibson1f@surveymonkey.com,Lois,F
758-76-7149,53.65187,14.62555,tphillips1g@sfgate.com,Theresa,F
280-23-2728,7.50972,124.37139,kkelly1h@ihg.com,Katherine,F
425-02-8453,23.043,89.63094,agomez1i@clickbank.net,Alan,M
391-05-7796,-42.41225,-71.06797,lbell1j@ed.gov,Lori,F
498-14-9893,4.66808,96.60995,dwatkins1k@wikimedia.org,Dennis,M
756-60-7882,40.40368,116.7661,hsullivan1l@bloomberg.com,Harold,M
377-61-2332,-1.90046,11.906,awatson1m@adobe.com,Andrea,F
643-89-1310,39.51417,113.29306,kparker1n@bandcamp.com,Kenneth,M
586-79-5462,-12.05,-38.76667,phall1o@mail.ru,Patricia,F
427-24-1132,37.68333,138.88333,shunt1p@multiply.com,Steve,M
880-01-7687,8.37094,99.56249,jcruz1q@cnbc.com,Judith,F
185-04-9941,50.1576,17.98513,dsims1r@aol.com,Dennis,M
667-90-6012,-4.36667,38.05,jburke1s@printfriendly.com,Jose,M
384-83-3692,28.25569,108.0381,sjackson1t@com.com,Sharon,F
900-74-3025,30.01528,121.28424,jsanchez1u@reverbnation.com,Judith,F
590-76-0660,-27.52116,-60.39167,lolson1v@bloomberg.com,Larry,M
817-99-6970,-8.5112,116.9775,agray1w@jigsy.com,Ann,F
223-16-0581,-7.0148,113.5819,thunter1x@bloglines.com,Terry,M
537-52-8813,-7.79139,-79.22167,brice1y@mayoclinic.com,Brenda,F
404-53-3618,15.39485,120.66573,colson1z@who.int,Craig,M
355-61-0075,60.0042,15.7932,jcox20@wsj.com,Jesse,M
929-06-3047,-8.0265,111.6358,mlewis21@washington.edu,Margaret,F
157-89-0617,25.78194,108.86389,dhudson22@tmall.com,Debra,F
697-88-9668,40.4956,-8.6735,ngeorge23@360.cn,Nicholas,M
440-20-3810,50.26789,19.73282,rwells24@sitemeter.com,Rachel,F
792-58-4960,10.38639,105.43518,dgeorge25@amazonaws.com,Dorothy,F
117-08-1639,27.09027,114.14306,kmoreno26@squarespace.com,Kathy,F
712-22-0889,12.98417,37.765,jmatthews27@drupal.org,Jeffrey,M
113-16-8844,15.1,-90.4,eriley28@newyorker.com,Eric,M
510-11-5524,-20.53861,-47.40083,pholmes29@trellian.com,Phillip,M
676-37-2534,14.59667,-90.75472,solson2a@phoca.cz,Shawn,M
994-62-8564,27.608,119.17126,jlopez2b@reddit.com,James,M
980-62-2567,-23.09861,-48.92583,sstanley2c@dion.ne.jp,Susan,F
355-31-5482,34.10241,108.61406,fgraham2d@illinois.edu,Frances,F
297-81-7516,30.53333,114.61667,hjackson2e@com.com,Harry,M
772-69-5306,33.69768,36.37301,lperkins2f@google.co.jp,Lawrence,M
749-65-2886,35.85889,14.48861,sscott2g@phoca.cz,Sarah,F
219-35-2878,46.51892,123.14654,lstephens2h@typepad.com,Louis,M
643-00-3218,15.9854,120.1832,bberry2i@last.fm,Benjamin,M
857-82-0647,-3.56222,-41.09222,choward2j@networkadvertising.org,Christopher,M
791-90-3166,16.57806,-15.45972,jparker2k@pinterest.com,Justin,M
120-11-6825,42.58063,20.31619,gharper2l@rambler.ru,Gloria,F
354-45-1449,43.286,-77.6843,stucker2m@infoseek.co.jp,Shawn,M
953-15-7257,18.16072,121.65271,amurray2n@flavors.me,Annie,F
677-85-4390,15.48333,-88.81667,rhughes2o@4shared.com,Randy,M
380-72-7130,-7.1685,107.8935,jcoleman2p@cdbaby.com,Jane,F
263-27-8087,23.33284,113.29198,bgarza2q@diigo.com,Benjamin,M
129-03-5828,43.4832,-8.2369,sgrant2r@diigo.com,Scott,M
412-46-6589,48.84133,-123.68596,cstevens0@who.int,Chris,M
164-97-3003,13.09185,-86.35384,phill1@mozilla.com,Philip,M
486-28-6059,-18.71056,-40.40056,palexander2@spotify.com,Paul,M
323-12-7477,45.73087,127.9162,awatson3@elpais.com,Andrea,F
162-94-7104,54.23017,-4.39985,eaustin4@typepad.com,Edward,M
222-01-7137,45.27944,18.99667,dbowman5@house.gov,Dorothy,F
959-97-2385,7.62361,125.62528,cturner6@weebly.com,Carlos,M
879-79-5263,47.2756,126.78203,wferguson7@apple.com,Willie,M
252-43-1465,37.9651,-84.4708,psimmons8@cbsnews.com,Patrick,M
234-61-3103,13.90033,124.29816,jryan9@narod.ru,Jose,M
215-30-0323,55.9167,14.2833,pfloresa@bloomberg.com,Peter,M
289-12-6385,31.71862,119.36988,pmitchellb@census.gov,Patricia,F
689-10-2564,-20.18972,57.71444,jgibsonc@i2i.jp,Joshua,M
463-35-1727,64.18347,-51.72157,jburtond@reference.com,Jason,M
570-57-1279,-17.4,-63.75,gmorgane@umn.edu,Gregory,M
599-81-7800,31.20291,30.55018,rmartinf@homestead.com,Richard,M
461-72-5506,59.4439,18.0687,adiazg@amazon.com,Angela,F
807-32-4415,-7.1564,108.8231,kolsonh@walmart.com,Karen,F
941-12-9839,13.67694,-89.27972,swrighti@deviantart.com,Sean,M
170-31-2007,53.25967,19.39653,nfergusonj@narod.ru,Nancy,F
617-10-8649,40.0018,-75.1179,cdayk@biblegateway.com,Clarence,M
140-41-2020,49.26215,17.99667,cjohnstonl@mozilla.com,Craig,M
342-53-5301,43.671,7.1761,bwilsonm@imdb.com,Billy,M
142-15-2612,-8.1356,113.3257,msmithn@aol.com,Mildred,F
651-56-9084,46.61667,109.41667,sbennetto@columbia.edu,Sarah,F
811-00-9260,41.0333,-8.2333,bfoxp@un.org,Bonnie,F
472-63-0698,48.8944,2.4093,hmontgomeryq@google.cn,Helen,F
888-03-7125,15.26367,-12.86821,tlawrencer@princeton.edu,Theresa,F
688-00-0443,41.33373,112.45453,afraziers@altervista.org,Ann,F
824-53-0263,59.3326,18.0649,kgomezt@deliciousdays.com,Kelly,F
628-75-6419,43.44565,41.7448,cmitchellu@nsw.gov.au,Christopher,M
461-57-0538,-3.43944,-39.14833,slopezv@exblog.jp,Sean,M
837-49-2026,8.1537,-77.69308,bhunterw@arstechnica.com,Bruce,M
217-51-0566,52.8801,40.5526,lowensx@cdc.gov,Louise,F
455-52-0696,47.29226,126.94687,pgranty@storify.com,Phillip,M
491-57-4390,46.9267,91.08782,rfordz@tinypic.com,Ralph,M
279-51-5347,9.98333,10.93333,hpowell10@tuttocitta.it,Heather,F
720-82-3758,48.8765,2.1897,fhart11@desdev.cn,Frank,M
796-06-8992,40.18867,117.00277,afreeman12@i2i.jp,Anne,F
911-64-9667,11.75696,-86.05286,mpatterson13@addthis.com,Mildred,F
831-45-6381,29.1141,93.86873,khughes14@walmart.com,Keith,M
713-92-0124,-22.60611,-46.91944,ecarter15@amazon.com,Earl,M
755-89-0092,40.5319,-8.0944,ajames16@walmart.com,Andrea,F
168-18-9199,-16.84972,-42.07028,glawson17@godaddy.com,Gary,M
578-72-1931,29.28833,111.19389,tthomas18@hud.gov,Timothy,M
451-93-0994,24.69272,112.68466,jward19@bloomberg.com,Judy,F
627-85-4151,-7.659,108.6514,apowell1a@bravesites.com,Aaron,M
884-07-9065,17.14272,102.97261,rrodriguez1b@thetimes.co.uk,Roy,M
119-12-3826,-14.09306,-75.17194,rphillips1c@weather.com,Rose,F
213-74-6074,-7.3716,108.1949,jhawkins1d@yolasite.com,Jeffrey,M
692-68-8291,-6.7371,111.0352,ralvarez1e@alexa.com,Raymond,M
327-51-5248,33.30987,87.75467,ahoward1f@spotify.com,Alan,M
256-70-2691,-9.8403,124.6307,jkennedy1g@ovh.net,Jack,M
746-14-0819,40.82615,22.59279,eramirez1h@admin.ch,Emily,F
373-13-5829,40.09109,44.39209,prussell1i@samsung.com,Patrick,M
888-02-7837,43.76681,-79.4163,bevans1j@craigslist.org,Brian,M
137-37-3375,44.31681,-79.88295,rbailey1k@aol.com,Ralph,M
835-25-9770,55.91528,59.98417,ejenkins1l@hibu.com,Earl,M
385-50-9335,21.65701,106.57832,aperkins1m@cnet.com,Anthony,M
762-39-5999,39.99222,19.91389,gfreeman1n@hc360.com,Gary,M
592-29-5363,47.5833,1.3333,lmartinez1o@goo.gl,Louis,M
489-53-2465,56.9187,60.47727,rjenkins1p@tamu.edu,Rachel,F
582-61-1218,36.6825,69.11556,vpatterson1q@spiegel.de,Virginia,F
397-48-8216,59.6139,16.2285,lowens1r@posterous.com,Linda,F
161-81-6556,0.04084,-78.14524,grobertson1s@topsy.com,George,M
432-28-0496,-8.5596,116.9463,ggonzales1t@huffingtonpost.com,Gregory,M
568-81-0527,14.49052,44.13108,estevens1u@about.me,Emily,F
587-58-2865,35.82756,137.95378,vnichols1v@discuz.net,Virginia,F
558-48-6717,49.5176,14.27809,aday1w@army.mil,Adam,M
166-67-3479,-6.81667,-38.05,dedwards1x@yellowpages.com,Donna,F
365-51-4627,42.25861,86.85778,rflores1y@slideshare.net,Richard,M
137-46-5665,29.83146,115.57739,ggeorge1z@artisteer.com,George,M
290-50-8918,-10.37111,-76.44361,cperez20@sourceforge.net,Catherine,F
765-00-1576,50.37191,127.32717,dburns21@lycos.com,Debra,F
999-56-0976,-8.2244,113.495,trichards22@odnoklassniki.ru,Tina,F
222-48-1128,27.05167,119.28111,jhunt23@elpais.com,Jeremy,M
133-68-9360,0.2981,102.1461,tgomez24@elpais.com,Terry,M
218-80-9998,34.06752,100.69878,bhughes25@springer.com,Beverly,F
613-35-7457,29.14816,31.12733,wchapman26@uol.com.br,William,M
370-92-1492,59.0905,57.6575,nhunter27@huffingtonpost.com,Nicole,F
645-28-1505,10.8195,123.0412,jwilson28@prweb.com,Justin,M
671-84-0524,13.09771,12.4952,hholmes29@elpais.com,Henry,M
525-34-9604,60.15328,59.95205,amorales2a@bandcamp.com,Anne,F
434-73-2001,17.35423,121.60138,cperry2b@uiuc.edu,Charles,M
601-61-8023,18.15287,-77.47121,ewillis2c@ucoz.ru,Emily,F
177-09-9511,50.53687,16.2335,ihernandez2d@angelfire.com,Irene,F
924-63-5484,59.7439,10.2045,jmoore2e@ft.com,Joe,M
150-25-9236,64.1,26.31667,abell2f@com.com,Ashley,F
873-87-6552,-25.42944,-50.00639,dgutierrez2g@cdbaby.com,Donald,M
308-81-7143,-7.0934,114.3353,dhoward2h@phoca.cz,Daniel,M
390-62-4814,-8.5518,117.3368,jjordan2i@webnode.com,Jonathan,M
160-90-5806,45.24323,104.80511,afoster2j@hhs.gov,Albert,M
511-10-6888,32.44202,105.823,privera2k@desdev.cn,Patrick,M
884-22-2786,27.23425,114.4078,dnelson2l@smh.com.au,Donna,F
919-52-5029,14.76694,-90.99417,woliver2m@cbc.ca,Wayne,M
880-57-0647,54.32093,110.30651,joliver2n@zimbio.com,Johnny,M
323-90-0181,-3.69543,128.1814,rwilliams2o@1688.com,Ruby,F
656-04-6559,25.43939,68.29027,rking2p@w3.org,Robin,F
569-83-0363,40.125,22.15167,rmendoza2q@buzzfeed.com,Ronald,M
336-83-7688,30.45534,112.59025,mhoward2r@flickr.com,Marie,F
650-59-6883,40.22923,22.49811,mwilliams0@topsy.com,Martha,F
978-25-7924,27.45,104.83333,wdavis1@bluehost.com,Wayne,M
446-84-1972,33.0097,106.18352,mcruz2@sitemeter.com,Melissa,F
594-30-2985,39.15064,20.73636,atucker3@wix.com,Alice,F
457-46-2740,43.25822,17.8897,jnichols4@scribd.com,John,M
561-25-8546,41.2375,-8.5708,jfernandez5@studiopress.com,Justin,M
894-07-5632,54.83373,37.61138,agreene6@storify.com,Ashley,F
704-62-7143,49.45668,35.12947,kferguson7@forbes.com,Kathleen,F
806-09-4464,28.95,117.16667,rhawkins8@buzzfeed.com,Robin,F
193-25-0956,-7.2593,108.4503,jwells9@bbc.co.uk,Jeffrey,M
284-36-8428,19.5456,-99.0697,clonga@ebay.com,Chris,M
854-28-4600,55.08333,24.28333,gperkinsb@flickr.com,Gary,M
626-84-4718,5.52627,7.48959,jduncanc@vkontakte.ru,Janice,F
498-94-4265,-7.0052,111.512,tpetersond@hhs.gov,Tina,F
295-27-2656,57.1914,39.41394,ebryante@businessinsider.com,Elizabeth,F
801-54-5782,-31.30391,-60.65894,rwrightf@netlog.com,Ruby,F
528-54-3238,30.24027,118.80909,mbutlerg@oaic.gov.au,Mark,M
241-02-0758,-20.2975,57.72556,shernandezh@e-recht24.de,Sarah,F
910-27-7315,39.55194,21.74806,msmithi@wikipedia.org,Mary,F
150-44-5715,25.35967,114.54047,prosej@amazon.de,Paul,M
892-00-5385,-24.2,29.5,twilsonk@exblog.jp,Terry,M
899-49-9563,48.4748,44.78096,kgordonl@booking.com,Keith,M
270-70-4875,23.21722,113.65489,gnicholsm@cafepress.com,Gloria,F
108-20-7726,41.6,-8.05,mgrahamn@nifty.com,Mark,M
352-44-7227,-2.56194,-44.05417,rharpero@noaa.gov,Rebecca,F
837-22-5394,42.91722,143.20444,khowellp@netscape.com,Kathy,F
383-46-0667,55.61113,40.65186,ahansonq@msu.edu,Anne,F
377-93-6921,14.9405,120.6011,bwardr@example.com,Billy,M
140-61-9071,30.6568,-97.6026,hbrowns@apple.com,Harry,M
422-58-6574,-14.09306,-46.36944,akellyt@mit.edu,Angela,F
844-74-8882,50.28111,18.24177,bcarru@disqus.com,Bonnie,F
242-73-4061,31.5587,35.1244,pgutierrezv@amazon.com,Phyllis,F
374-61-9668,40.37444,50.08528,barnoldw@ocn.ne.jp,Brenda,F
885-06-7433,19.2323,-99.5443,pandrewsx@adobe.com,Phillip,M
221-23-5271,44.8404,-0.5805,dhawkinsy@hhs.gov,Debra,F
403-74-8386,49.53446,19.00549,lromeroz@elegantthemes.com,Louise,F
382-01-2105,6.83694,125.41306,jsimmons10@usgs.gov,Jeffrey,M
143-95-6467,43.71882,21.44085,emorales11@gnu.org,Emily,F
561-89-5933,19.5956,-100.0223,aalvarez12@craigslist.org,Ashley,F
171-56-0413,23.5952,-98.9145,mjones13@salon.com,Maria,F
425-47-9232,18.76278,-69.25681,lkim14@goodreads.com,Louis,M
371-49-7222,32.05805,121.48555,klynch15@altervista.org,Kathy,F
475-43-9150,50.4,18.63333,nreed16@csmonitor.com,Norma,F
391-15-9336,54.59533,48.1414,bthompson17@microsoft.com,Betty,F
662-34-0215,25.00167,117.5275,cprice18@hostgator.com,Charles,M
185-74-1970,31.46667,131.105,jthomas19@google.nl,Jane,F
960-01-2708,36.9959,-122.0578,earnold1a@google.com.au,Evelyn,F
851-50-4389,8.56667,-82.73333,bgordon1b@cloudflare.com,Barbara,F
170-53-2778,27.19582,99.32483,ajones1c@clickbank.net,Anne,F
568-31-1506,49.66139,5.91917,lferguson1d@google.es,Lisa,F
519-54-1146,57.7072,11.9668,nrichardson1e@yale.edu,Nicole,F
648-61-2913,38.8167,-9.3833,kjenkins1f@hud.gov,Kathleen,F
813-75-4132,41.82334,20.96174,agutierrez1g@yelp.com,Ann,F
400-04-1118,7.06205,38.47635,agilbert1h@bbb.org,Aaron,M
850-32-3584,-10.1678,123.5992,jmorrison1i@is.gd,Jack,M
580-20-0820,-36.52567,-64.01025,cpowell1j@artisteer.com,Carol,F
472-46-0652,11.15583,42.7125,rmoreno1k@4shared.com,Richard,M
524-54-3029,25.04297,116.31957,glane1l@oakley.com,Gloria,F
821-40-6013,39.2663,-84.5221,lturner1m@nba.com,Lori,F
126-99-3053,50.10979,22.18165,sstone1n@noaa.gov,Susan,F
650-35-2412,-25.6,-57.3,dwallace1o@ycombinator.com,David,M
407-94-0767,-21.20778,-159.775,hcrawford1p@dion.ne.jp,Harold,M
186-49-2115,-6.1473,106.0452,mfowler1q@github.io,Matthew,M
605-88-7706,-6.8598,111.4288,sjames1r@google.ru,Scott,M
810-45-2231,30.51365,117.04723,hbanks1s@wired.com,Harold,M
754-42-7933,45.12806,14.78889,sgeorge1t@virginia.edu,Stephanie,F
862-32-9770,9.92787,-84.13722,kcarr1u@lulu.com,Kenneth,M
546-75-3481,14.2459,32.9891,folson1v@hao123.com,Frances,F
300-31-9328,14.56739,100.72598,rryan1w@amazon.co.jp,Rachel,F
248-52-7020,15.03333,-88.83333,nhawkins1x@dyndns.org,Nancy,F
879-57-2360,10.78333,122.53333,tharper1y@addthis.com,Terry,M
279-34-5277,41.61667,23.98333,rbowman1z@unicef.org,Rachel,F
573-46-7036,23.76058,117.25534,hcook20@apple.com,Henry,M
942-35-1517,27.76036,115.3885,lromero21@businesswire.com,Laura,F
708-33-7749,13.31676,122.08205,rhughes22@macromedia.com,Roy,M
927-23-7802,-7.0006,111.4969,klee23@mail.ru,Kevin,M
837-31-7720,54.693,52.58359,pgonzalez24@purevolume.com,Paula,F
681-00-2623,29.6175,121.405,mperkins25@smugmug.com,Maria,F
778-10-0088,45.96677,-71.36577,rgeorge26@timesonline.co.uk,Raymond,M
704-96-8795,52.31226,18.35515,jsmith27@redcross.org,Jessica,F
713-03-1618,41.4375,22.64333,rwright28@photobucket.com,Randy,M
735-13-6162,15.6835,120.7338,rcole29@cnbc.com,Ruby,F
733-21-1809,59.3326,18.0649,clarson2a@parallels.com,Carlos,M
628-18-3141,34.48108,62.5863,tandrews2b@ucsd.edu,Todd,M
590-42-4293,-8.789,116.2805,jstanley2c@oakley.com,Justin,M
289-03-7357,56.42163,53.77566,aolson2d@nifty.com,Andrea,F
638-80-7369,8.30844,-73.6166,areed2e@so-net.ne.jp,Andrew,M
950-31-5596,23.18364,115.304,cporter2f@cbslocal.com,Carol,F
931-15-4677,35.03357,36.01455,cburns2g@comcast.net,Clarence,M
756-57-9594,28.5456,-81.3782,lchapman2h@1688.com,Laura,F
779-53-3995,55.4712,13.0197,rsullivan2i@hhs.gov,Rebecca,F
556-37-6822,53.51163,-6.39821,dberry2j@hexun.com,David,M
635-64-9809,13.66091,120.8711,jwebb2k@dailymotion.com,Jessica,F
246-52-3708,-7.95,110.28333,jray2l@about.com,Joseph,M
379-77-4317,18.25478,-76.88799,jharvey2m@theatlantic.com,Jason,M
499-40-1443,29.7687,-95.3867,dreed2n@themeforest.net,Diana,F
629-55-9704,6.09056,124.42333,pramirez2o@chronoengine.com,Paula,F
542-33-4938,46.05009,-74.28252,mray2p@wikispaces.com,Melissa,F
480-48-3823,38.8779,-6.9706,ahenderson2q@telegraph.co.uk,Andrew,M
528-39-2983,54.42766,50.80511,msims2r@sitemeter.com,Michael,M
829-24-0725,40.56972,44.81851,rwashington0@berkeley.edu,Robin,F
571-70-4674,12.71667,30.65,kmason1@yahoo.co.jp,Kathy,F
803-78-3236,46.01677,-73.44915,sknight2@goo.gl,Scott,M
864-69-9915,-22.82194,-47.26694,phawkins3@dedecms.com,Patricia,F
304-25-7906,23.68477,-15.95798,jharrison4@comsenz.com,Jean,F
223-29-1900,31.31546,118.36053,kelliott5@google.cn,Kathy,F
564-45-5543,-6.7065,111.6346,coliver6@nih.gov,Christine,F
963-84-4476,30.7782,114.70318,crodriguez7@qq.com,Chris,M
463-68-2382,8.12923,-63.54086,dday8@hatena.ne.jp,Debra,F
459-27-5761,38.92608,76.19967,amartinez9@nps.gov,Ann,F
652-94-6544,37.11733,122.30812,rmillera@rediff.com,Randy,M
888-60-1088,-20.78741,-51.70406,apattersonb@army.mil,Aaron,M
285-38-9906,35.20889,111.73861,jcooperc@psu.edu,Janice,F
429-63-8417,19.0671,-103.8141,acolemand@indiegogo.com,Antonio,M
310-18-8776,60.72528,114.92778,jpowelle@blogtalkradio.com,Jean,F
892-23-3796,50.00263,26.42824,rgardnerf@comcast.net,Roger,M
946-45-6200,50.05,46.88333,cryang@skyrock.com,Christine,F
613-80-6540,39.65,-8.8667,kleeh@hexun.com,Kathleen,F
362-40-4618,40.4572,-7.9878,bkelleyi@nih.gov,Barbara,F
789-04-6958,18.52719,-70.29585,bsullivanj@admin.ch,Benjamin,M
879-05-3689,10.79115,-74.76059,jgomezk@domainmarket.com,Janice,F
441-07-9519,42.91206,129.52066,fgomezl@dailymail.co.uk,Frances,F
261-80-6062,53.37058,-6.25298,treidm@go.com,Timothy,M
177-81-9621,-8.3125,114.0483,hsandersn@netvibes.com,Henry,M
197-12-3428,4.6375,-75.57028,rlarsono@dailymotion.com,Roy,M
556-90-4685,27.22583,119.46722,kbaileyp@smh.com.au,Kimberly,F
989-01-8097,19.2706,-101.395,dmurphyq@discuz.net,Dennis,M
367-73-3011,29.37455,113.09481,rrossr@gnu.org,Roy,M
669-16-8172,5.8456,118.0571,landersons@imgur.com,Lori,F
484-52-6629,32.55362,73.21234,fdixont@wikipedia.org,Fred,M
377-37-8375,-20.76361,-41.53306,crobertsu@wired.com,Cheryl,F
435-71-3512,28.0097,116.42416,mmendozav@github.io,Michael,M
440-20-2877,12.47224,-85.6586,caustinw@skype.com,Cheryl,F
193-24-6251,12.37675,121.17351,mvasquezx@paypal.com,Maria,F
914-35-0132,40.61028,46.78972,pthompsony@sciencedaily.com,Peter,M
167-86-0252,61.21667,25.5,dvasquezz@lulu.com,Doris,F
819-05-5180,42.6976,2.8954,kgray10@sun.com,Kathleen,F
632-81-2312,-0.51011,-78.56712,sellis11@prweb.com,Scott,M
940-21-2832,41.27459,112.01467,sallen12@spiegel.de,Sara,F
168-20-6443,14.26528,-90.12694,wwilliams13@github.io,Willie,M
870-32-2403,-8.429,123.1311,vphillips14@webeden.co.uk,Victor,M
217-15-2964,61.12724,21.51127,amartinez15@slashdot.org,Alan,M
951-31-7397,-6.97,111.7141,wwells16@indiegogo.com,William,M
301-33-3982,0.33654,6.72732,mnichols17@nature.com,Margaret,F
327-07-6290,55.88441,37.69055,jkelley18@lycos.com,Joan,F
397-17-6661,10.1169,123.6738,mfisher19@tumblr.com,Margaret,F
343-12-9574,14.1439,122.8471,mfranklin1a@mit.edu,Mark,M
974-18-2803,-8.215,112.1081,sspencer1b@huffingtonpost.com,Shirley,F
744-96-4335,41.3075,-8.6132,athompson1c@soundcloud.com,Arthur,M
413-99-6112,5.69636,-73.76932,afoster1d@cocolog-nifty.com,Antonio,M
501-61-6478,-30.21397,-64.50063,slopez1e@linkedin.com,Stephen,M
298-22-1608,15.54994,102.56675,cprice1f@vinaora.com,Christina,F
771-99-2879,23.26871,114.21871,ewilson1g@jimdo.com,Edward,M
988-87-4209,38.8933,-77.0146,hcook1h@vinaora.com,Helen,F
653-23-4245,-18.31667,47.11667,bcooper1i@businessweek.com,Benjamin,M
953-82-1591,50.06717,21.25614,eholmes1j@webnode.com,Earl,M
727-74-6714,50.58518,34.4849,plittle1k@unicef.org,Paula,F
741-58-2315,-11.46667,-69.3,jfrazier1l@acquirethisname.com,Judith,F
353-77-1104,14.13254,43.38845,ecarr1m@google.com.hk,Earl,M
840-48-5679,28.49139,66.2585,ssims1n@census.gov,Steve,M
831-44-5521,-8.3395,120.7594,sperez1o@amazon.co.jp,Sean,M
750-12-6300,23.34747,116.08314,dberry1p@geocities.jp,Diana,F
476-49-7607,39.009,-77.4422,jedwards1q@symantec.com,Joan,F
347-91-0429,53.73601,127.257,tgonzales1r@usgs.gov,Tina,F
958-07-7492,25.13361,118.155,mkim1s@sfgate.com,Mary,F
746-64-0149,-8.1772,123.7975,cgarrett1t@webs.com,Clarence,M
409-56-9033,-33.14156,-59.30966,lrichards1u@columbia.edu,Lori,F
312-17-2142,16.75524,-22.9446,pchapman1v@ucla.edu,Paul,M
138-92-6865,25.86832,118.93366,akim1w@wikipedia.org,Alan,M
779-59-1129,58.7097,13.8237,cfoster1x@mayoclinic.com,Cynthia,F
828-13-7823,51.62574,21.93274,scook1y@apache.org,Stephanie,F
693-03-8938,12.93435,-85.22354,jthomas1z@addtoany.com,Julie,F
442-96-8407,44.1901,42.6595,jgomez20@smugmug.com,Jason,M
645-91-6208,14.35659,45.02244,khayes21@chron.com,Kevin,M
684-37-5222,-16.33333,-70.73333,wwarren22@google.pl,Willie,M
356-11-8493,43.8333,4.35,rbaker23@php.net,Ruth,F
352-13-9009,-18.11919,-63.95965,jlynch24@hexun.com,Jose,M
680-92-1541,49.25229,30.82946,jsims25@ow.ly,Jessica,F
375-44-7986,31.45786,120.87278,sandrews26@g.co,Steven,M
867-03-3753,29.98869,122.20488,agray27@china.com.cn,Amy,F
861-67-0901,45.44632,128.43944,jelliott28@wired.com,Jerry,M
173-41-6046,56.99987,86.14393,eryan29@rediff.com,Elizabeth,F
101-92-5463,-18.7,47.78333,drobertson2a@hc360.com,Donna,F
718-43-1945,-8.2019,115.0232,tturner2b@nationalgeographic.com,Terry,M
947-04-4522,10.01625,-84.21163,schapman2c@biglobe.ne.jp,Sharon,F
434-98-9620,47.5,19.0833,mspencer2d@harvard.edu,Mary,F
815-11-9720,39.5125,-8.5376,rburke2e@google.co.uk,Rose,F
165-11-7788,12.75147,7.24472,scox2f@netlog.com,Steve,M
597-37-3085,-14.12,-71.47278,thill2g@infoseek.co.jp,Todd,M
524-93-9357,39.7,-8.9833,lrice2h@sun.com,Linda,F
747-04-7463,52.28556,85.41424,janderson2i@hugedomains.com,Jesse,M
678-12-4502,29.82739,106.43645,phanson2j@hubpages.com,Paul,M
597-70-3167,-7.458,107.9812,jstanley2k@thetimes.co.uk,Janice,F
379-55-0988,-23.71056,-46.41333,nrice2l@usa.gov,Norma,F
818-24-4542,-37.01667,175.85,tortiz2m@answers.com,Teresa,F
203-29-9586,23.76058,117.25534,aprice2n@altervista.org,Andrea,F
292-70-0520,14.12116,15.3103,smendoza2o@people.com.cn,Sarah,F
376-70-1224,-8.4399,115.3561,rreid2p@nsw.gov.au,Ralph,M
424-26-9375,27.67658,85.31417,jlopez2q@disqus.com,Jane,F
115-85-7054,-9.8529,124.2342,mroberts2r@joomla.org,Mildred,F
637-92-1858,50.80352,16.25655,rmorales0@sourceforge.net,Rachel,F
321-40-8708,3.37786,31.7909,aarnold1@usatoday.com,Aaron,M
463-39-2007,45.95667,14.30583,wferguson2@quantcast.com,Wayne,M
130-13-1068,20.28296,106.44347,tlawrence3@ebay.com,Tina,F
286-20-6818,8.53153,126.24117,rpierce4@noaa.gov,Roger,M
231-94-0641,-14.03583,-75.70028,aweaver5@meetup.com,Amy,F
572-34-1661,8.99214,105.19602,wreed6@prnewswire.com,Wanda,F
903-77-8214,29.24465,116.5132,jmartinez7@nyu.edu,Jimmy,M
273-35-2148,38.7333,-9.4167,ccook8@mediafire.com,Catherine,F
726-78-8737,28.5456,-81.3782,hgraham9@infoseek.co.jp,Harold,M
726-87-1540,48.46547,135.45582,lwallacea@netvibes.com,Lawrence,M
359-88-0676,-0.68321,100.31856,jdavisb@google.co.uk,Jimmy,M
541-51-7981,31.08026,92.86007,rpattersonc@blogspot.com,Ruby,F
521-05-6325,49.94316,19.74157,afisherd@ustream.tv,Annie,F
950-97-3130,-8.304,111.5603,bfishere@amazon.de,Billy,M
864-11-9031,35.74716,105.42118,lmartinezf@prnewswire.com,Laura,F
145-61-8239,52.7792,6.9069,epowellg@salon.com,Evelyn,F
365-79-8522,48.6075,7.7493,ejordanh@dropbox.com,Ernest,M
911-14-8580,-8.144,111.4392,jpaynei@usda.gov,Joseph,M
948-67-2977,34.32502,108.19996,lmartinezj@geocities.com,Lawrence,M
793-38-6350,45.0428,41.9734,dvasquezk@cpanel.net,Deborah,F
386-51-4039,-6.65902,106.28968,rmontgomeryl@skype.com,Richard,M
855-02-1071,39.3833,-8.2333,wchapmanm@bloomberg.com,Walter,M
139-30-5337,31.17959,71.20946,jrossn@mit.edu,Jeremy,M
422-06-8864,10.89693,-72.8861,anelsono@bloglovin.com,Anna,F
694-58-1713,-18.96889,-49.465,dnicholsp@walmart.com,Denise,F
858-39-1088,51.4408,5.4778,agarzaq@xing.com,Andrea,F
155-83-8115,38.53068,114.35831,cgriffinr@yelp.com,Craig,M
391-07-8812,27.08194,110.79333,jlongs@seesaa.net,John,M
632-28-9044,35.89083,14.47417,jolsont@chicagotribune.com,Jacqueline,F
126-87-8125,45.99088,19.10635,ihudsonu@newsvine.com,Irene,F
106-79-5714,49.0241,1.1508,mmoralesv@ehow.com,Maria,F
665-17-2895,40.58972,49.66861,jjordanw@wiley.com,Jane,F
789-10-3447,10.969,123.2419,dpetersx@stumbleupon.com,Daniel,M
191-64-0418,39.83895,69.5276,sadamsy@auda.org.au,Steve,M
715-63-6298,28.58819,116.69827,trobinsonz@sun.com,Thomas,M
714-33-2168,-8.3053,116.6275,csullivan10@thetimes.co.uk,Clarence,M
114-08-0639,15.9583,120.40973,ryoung11@ihg.com,Ruby,F
591-41-9530,41.2,-8.3803,gdixon12@arizona.edu,Gregory,M
578-30-8306,-0.7,37.18333,shamilton13@cocolog-nifty.com,Scott,M
327-01-8750,-7.64748,107.71235,ewagner14@bigcartel.com,Evelyn,F
179-68-1133,48.00556,91.64194,dcunningham15@homestead.com,Donna,F
285-64-2004,-26.38333,-57.15,sscott16@unblog.fr,Sarah,F
247-73-8572,51.03333,114.83333,kcarr17@opera.com,Kimberly,F
490-00-5330,30.52151,113.8974,lcox18@posterous.com,Lori,F
637-87-4518,-28.78389,-51.61,dsanchez19@booking.com,Deborah,F
435-65-8356,13.8638,121.2209,dcoleman1a@cnet.com,Doris,F
301-69-1134,33.1222,46.1646,bedwards1b@edublogs.org,Benjamin,M
113-53-4189,8.41091,20.64728,wbowman1c@ca.gov,Willie,M
578-70-5233,41.675,-7,myoung1d@imdb.com,Martin,M
213-45-6733,60.05,22.68333,jrice1e@ifeng.com,Jesse,M
506-88-4341,40.9,-8.2667,jrivera1f@prlog.org,Jeremy,M
270-72-7866,51.69868,17.43738,sday1g@newsvine.com,Sandra,F
276-68-6630,58.4324,58.2562,jwoods1h@nhs.uk,Judith,F
453-06-6012,52.73775,19.98928,dgreen1i@blog.com,Deborah,F
364-92-3028,-6.4085,106.0556,swest1j@usgs.gov,Sean,M
153-39-1396,58.5682,11.9923,ejohnston1k@china.com.cn,Elizabeth,F
548-17-7211,32.6076,-93.7526,ffisher1l@xrea.com,Frank,M
626-47-8917,55.6759,12.5655,wrogers1m@naver.com,Willie,M
343-98-9781,-31.40675,-62.63396,kstone1n@slate.com,Kimberly,F
506-08-4977,22.53372,113.24846,kthomas1o@t-online.de,Kelly,F
220-09-2391,43.286,-77.6843,jhunt1p@vimeo.com,Jean,F
496-20-4922,40.06762,44.43591,awillis1q@nsw.gov.au,Aaron,M
795-21-3702,22.29146,113.36951,wrussell1r@cocolog-nifty.com,Wanda,F
253-88-2071,-8.76234,31.11405,tholmes1s@so-net.ne.jp,Tina,F
673-23-8663,51.5583,-2.3525,mwilson1t@etsy.com,Mildred,F
773-42-6175,50.7633,37.86402,lmontgomery1u@narod.ru,Lois,F
330-12-1841,37.69248,120.97148,jprice1v@dailymail.co.uk,Jane,F
957-44-7610,47.13895,123.54165,cboyd1w@meetup.com,Carol,F
542-67-4951,-8.8146,116.8157,hwillis1x@imgur.com,Henry,M
236-53-1555,30.13179,112.95292,wmills1y@nifty.com,Walter,M
491-93-6836,50.18297,12.55054,nanderson1z@google.co.uk,Nicholas,M
210-37-1993,48.23331,38.21137,grussell20@google.com,Gregory,M
582-54-7912,4.1064,97.5886,rhicks21@com.com,Roy,M
791-82-3994,3.65332,18.63566,klawson22@bloglovin.com,Kenneth,M
115-94-4135,28.72151,116.86398,mlynch23@hexun.com,Marilyn,F
820-35-3291,48.92002,17.16561,brivera24@dot.gov,Brandon,M
591-33-2006,13.9669,121.3668,mthompson25@is.gd,Mark,M
453-58-1142,29.58016,-9.70086,tsims26@ftc.gov,Timothy,M
681-74-5600,53.3875,48.6777,enelson27@pagesperso-orange.fr,Ernest,M
420-75-2329,28.93847,120.1889,rgeorge28@ameblo.jp,Ralph,M
664-41-4972,12.48811,106.01879,wnelson29@goo.gl,William,M
130-17-8551,0.0421,36.36734,hwagner2a@mapquest.com,Helen,F
641-78-6004,30.35498,105.92034,rwillis2b@prnewswire.com,Robert,M
444-57-3684,-7.3626,108.1774,malexander2c@phoca.cz,Martha,F
809-43-0914,31.03601,121.24414,whughes2d@yelp.com,Wanda,F
247-53-1204,13.48167,-87.105,hbryant2e@edublogs.org,Harry,M
131-17-2334,-7.7721,108.1407,cwatkins2f@php.net,Cynthia,F
826-89-8974,-1.18376,34.62616,cgardner2g@istockphoto.com,Craig,M
899-47-5047,37.3631,49.1329,clawrence2h@ask.com,Cynthia,F
531-26-8204,12.97417,123.85722,echapman2i@blog.com,Eugene,M
322-15-5791,7.37565,-72.64795,emartinez2j@is.gd,Emily,F
613-97-2990,20.3461,-100.7839,estone2k@i2i.jp,Edward,M
867-83-4029,-18.72472,-47.49861,kmoore2l@google.co.jp,Kathryn,F
272-08-3056,49.89587,18.54779,nmurphy2m@discuz.net,Nancy,F
409-84-0612,-7.0504,108.7246,mdaniels2n@google.cn,Mark,M
617-96-0553,53.44354,41.81065,scook2o@furl.net,Steven,M
776-92-2315,19.31102,-69.5428,jmartin2p@stanford.edu,Jacqueline,F
146-73-4122,17.06606,-89.15229,escott2q@oracle.com,Earl,M
645-65-6525,28.05086,120.89902,ahoward2r@slate.com,Amy,F
955-99-5541,23.11037,113.4418,scole0@about.me,Sara,F
220-75-8507,48.8412,2.3876,sbrooks1@ovh.net,Sean,M
590-89-3180,49.46603,18.09249,dreid2@hud.gov,Debra,F
368-34-4008,7.93333,-80.41667,dwelch3@cpanel.net,Doris,F
509-68-8434,-4.85889,-43.35611,arobertson4@hatena.ne.jp,Andrea,F
401-19-8496,30.54924,118.05181,sbradley5@businesswire.com,Steve,M
868-19-4239,30.71752,120.17311,kwashington6@ft.com,Kimberly,F
104-04-3129,46.19222,16.89167,pwilliams7@prlog.org,Patricia,F
412-28-6073,23.17233,112.28298,jgray8@nasa.gov,Jose,M
564-07-9561,43.6109,3.8772,maustin9@csmonitor.com,Martha,F
596-66-1074,62.3913,17.3063,bduncana@earthlink.net,Bonnie,F
124-13-4971,34.99881,104.64,jwatsonb@nih.gov,John,M
360-29-3726,50.26732,32.94196,rgordonc@google.it,Rebecca,F
430-34-9177,48.55009,-71.6491,tramosd@squidoo.com,Timothy,M
857-90-7805,20.32111,110.34258,rrosse@nymag.com,Roy,M
266-87-4662,-3.0039,115.1321,mhawkinsf@marketwatch.com,Mark,M
932-41-1365,47.28477,39.48232,jwhiteg@squarespace.com,Jason,M
541-44-1756,30.52803,90.12572,showellh@youtube.com,Steve,M
710-86-8261,29.15196,108.74289,jhawkinsi@chicagotribune.com,Janice,F
104-18-7613,8.18778,124.17694,jbaileyj@msn.com,Judy,F
293-89-2132,-33.1325,-58.29556,kruizk@1und1.de,Katherine,F
662-14-3288,-8.0321,111.9576,grichardsonl@ameblo.jp,Gerald,M
545-83-3894,40.6333,-8.65,jdunnm@bloomberg.com,Jeremy,M
915-19-5850,30.2107,-97.9427,chayesn@ted.com,Cynthia,F
239-76-2104,-22.92,-42.51028,lmccoyo@printfriendly.com,Lois,F
627-03-0260,-6.47729,111.03794,rwoodsp@europa.eu,Ruby,F
136-22-6493,40.35,-7.9,wkelleyq@adobe.com,Willie,M
668-17-3866,47.9029,1.9039,jbutlerr@g.co,Jessica,F
238-28-1561,47.0833,2.4,rmillss@paypal.com,Ralph,M
388-91-7797,15.55306,120.78083,cstonet@accuweather.com,Christina,F
789-16-8597,6.15154,-75.61658,gdavisu@webeden.co.uk,Gary,M
655-91-7722,41.4833,-8.33,tmedinav@istockphoto.com,Theresa,F
741-85-9486,38.78392,63.88035,akimw@blogtalkradio.com,Anna,F
192-17-3744,29.90566,107.63853,ahowellx@slashdot.org,Alan,M
219-67-6272,7.491,146.305,mkimy@un.org,Martin,M
171-37-6401,52.5125,6.0944,jjacobsz@sciencedirect.com,Jeremy,M
968-24-2000,34.1492,107.8732,jbanks10@springer.com,John,M
560-51-4374,52.33413,20.88602,rthompson11@bbc.co.uk,Rose,F
641-67-3245,-17.75,-149.31667,kpalmer12@histats.com,Kelly,F
614-74-5150,15.65558,103.58361,jharris13@e-recht24.de,Jerry,M
679-39-3690,41.50917,19.79278,arivera14@123-reg.co.uk,Andrew,M
240-12-0055,39.65,-8.8333,ggraham15@cornell.edu,George,M
744-11-9491,37.68868,116.25958,rfowler16@over-blog.com,Robin,F
740-90-7483,55.21664,-119.43605,mjenkins17@delicious.com,Mildred,F
980-83-4572,39.6151,-8.486,mcunningham18@yolasite.com,Maria,F
746-99-0732,32.05505,119.29941,ehoward19@posterous.com,Ernest,M
182-31-6790,40.25816,122.7351,swilliamson1a@goodreads.com,Shawn,M
659-31-3749,-8.1077,111.8347,jreyes1b@scientificamerican.com,Johnny,M
803-83-4478,45.41001,127.15902,rday1c@tiny.cc,Rose,F
259-84-5226,13.3593,123.3898,aford1d@dropbox.com,Antonio,M
227-34-6381,49.65462,17.12969,larnold1e@europa.eu,Louis,M
219-93-6374,57.6409,18.296,fgonzales1f@whitehouse.gov,Fred,M
559-22-8715,-7.1105,113.7226,bdavis1g@unc.edu,Benjamin,M
434-42-3840,52.46621,19.61137,kjohnston1h@discuz.net,Kelly,F
448-38-9534,34.85604,35.85854,agreene1i@infoseek.co.jp,Annie,F
122-81-9137,52.28339,-106.66792,wgarza1j@cargocollective.com,William,M
671-39-2833,-7.42139,109.23444,thamilton1k@abc.net.au,Timothy,M
668-46-9922,-4.59111,15.17083,rjames1l@amazonaws.com,Raymond,M
614-82-2747,40.4572,-7.9878,tmccoy1m@chron.com,Tina,F
174-01-0773,50.78157,17.06477,nrussell1n@smh.com.au,Norma,F
150-20-2245,49.9,2.3,acarr1o@studiopress.com,Annie,F
738-08-3974,41.98333,24.08333,ahughes1p@vinaora.com,Anna,F
681-32-7996,49.78333,23.86667,cnelson1q@theglobeandmail.com,Catherine,F
283-67-4677,40.18861,44.38333,ngutierrez1r@quantcast.com,Norma,F
625-76-7785,55.0415,82.9346,agardner1s@purevolume.com,Albert,M
230-83-9453,37.29721,95.51478,aroberts1t@techcrunch.com,Anthony,M
229-66-0062,40.94194,19.705,hbarnes1u@slideshare.net,Heather,F
660-55-2133,-17.28583,-70.36361,bdiaz1v@opera.com,Benjamin,M
662-87-7770,18.2519,-98.0547,kmoreno1w@ask.com,Kenneth,M
245-29-5843,5.94851,80.53528,acook1x@newsvine.com,Annie,F
360-41-2196,-7.1617,108.2039,jgarcia1y@rakuten.co.jp,Jeremy,M
521-18-4168,27.608,119.17126,nhowell1z@deviantart.com,Norma,F
653-27-5760,-25.68991,30.03504,redwards20@soup.io,Richard,M
244-85-4859,28.6809,116.37848,dknight21@goo.ne.jp,Donald,M
233-64-0409,-5.17833,-40.6775,jschmidt22@taobao.com,Jeffrey,M
389-01-0163,28.13042,115.19035,emurray23@technorati.com,Emily,F
386-97-4845,50.01055,18.94807,jcooper24@list-manage.com,Jane,F
841-04-0969,43.53333,26.51667,kreynolds25@unesco.org,Kathryn,F
416-48-6691,29.02224,115.74111,bmccoy26@bbc.co.uk,Brandon,M
407-42-4649,-33.45937,-61.4832,jmoreno27@msu.edu,Joseph,M
341-01-7736,41.3685,-8.4881,handerson28@skype.com,Harry,M
130-07-0447,25.97871,119.62304,cvasquez29@hostgator.com,Carl,M
114-24-3317,10.1299,123.6574,bgreene2a@redcross.org,Barbara,F
486-74-0904,-8.396,114.3045,jray2b@hhs.gov,Jacqueline,F
954-49-7784,-23.27583,-51.27833,rwilson2c@paginegialle.it,Robert,M
537-72-2998,46.1276,38.9674,rmoore2d@ox.ac.uk,Randy,M
272-27-5380,16.13872,103.60388,hholmes2e@yandex.ru,Harry,M
571-27-2218,28.44918,120.34098,hhowell2f@statcounter.com,Heather,F
868-32-7780,-31.58893,28.78443,lcollins2g@domainmarket.com,Lois,F
701-07-8477,27.8582,-101.1699,mwright2h@indiatimes.com,Mark,M
201-58-6801,32.89474,113.45072,blopez2i@hibu.com,Bruce,M
746-20-8701,-20.66028,-43.78611,ataylor2j@skyrock.com,Albert,M
239-45-7162,29.37194,118.04694,hjordan2k@clickbank.net,Henry,M
183-76-5278,27.86884,116.18186,rperry2l@netscape.com,Ruth,F
425-20-6781,54.1721,74.6946,dfreeman2m@amazon.com,Dorothy,F
157-21-3527,32.3052,-106.7863,elarson2n@psu.edu,Eric,M
105-97-9194,40.97437,25.42022,cmartinez2o@dell.com,Clarence,M
557-39-5264,53.86437,21.30507,rdixon2p@ocn.ne.jp,Robert,M
814-29-0658,-6.7094,111.2295,rperkins2q@businessweek.com,Robin,F
165-85-3120,-31.25033,-61.4867,lnelson2r@geocities.jp,Lori,F